[
    {
        "url": "https://www.google.com",
        "title": "Google",
        "headings": [],
        "links": [
            "https://www.google.com/imghp?hl=en&tab=wi",
            "https://maps.google.co.in/maps?hl=en&tab=wl",
            "https://play.google.com/?hl=en&tab=w8",
            "https://www.youtube.com/?tab=w1",
            "https://news.google.com/?tab=wn",
            "https://mail.google.com/mail/?tab=wm",
            "https://drive.google.com/?tab=wo",
            "https://www.google.co.in/intl/en/about/products?tab=wh",
            "http://www.google.co.in/history/optout?hl=en",
            "/preferences?hl=en",
            "https://accounts.google.com/ServiceLogin?hl=en&passive=true&continue=https://www.google.com/&ec=GAZAAQ",
            "/advanced_search?hl=en-IN&authuser=0",
            "https://www.google.com/setprefs?sig=0_t5BoxhoBe2LCoghWpfc5TD1pVjQ%3D&hl=hi&source=homepage&sa=X&ved=0ahUKEwiFvazwt-uJAxWyUWwGHdGtBlIQ2ZgBCAY",
            "https://www.google.com/setprefs?sig=0_t5BoxhoBe2LCoghWpfc5TD1pVjQ%3D&hl=bn&source=homepage&sa=X&ved=0ahUKEwiFvazwt-uJAxWyUWwGHdGtBlIQ2ZgBCAc",
            "https://www.google.com/setprefs?sig=0_t5BoxhoBe2LCoghWpfc5TD1pVjQ%3D&hl=te&source=homepage&sa=X&ved=0ahUKEwiFvazwt-uJAxWyUWwGHdGtBlIQ2ZgBCAg",
            "https://www.google.com/setprefs?sig=0_t5BoxhoBe2LCoghWpfc5TD1pVjQ%3D&hl=mr&source=homepage&sa=X&ved=0ahUKEwiFvazwt-uJAxWyUWwGHdGtBlIQ2ZgBCAk",
            "https://www.google.com/setprefs?sig=0_t5BoxhoBe2LCoghWpfc5TD1pVjQ%3D&hl=ta&source=homepage&sa=X&ved=0ahUKEwiFvazwt-uJAxWyUWwGHdGtBlIQ2ZgBCAo",
            "https://www.google.com/setprefs?sig=0_t5BoxhoBe2LCoghWpfc5TD1pVjQ%3D&hl=gu&source=homepage&sa=X&ved=0ahUKEwiFvazwt-uJAxWyUWwGHdGtBlIQ2ZgBCAs",
            "https://www.google.com/setprefs?sig=0_t5BoxhoBe2LCoghWpfc5TD1pVjQ%3D&hl=kn&source=homepage&sa=X&ved=0ahUKEwiFvazwt-uJAxWyUWwGHdGtBlIQ2ZgBCAw",
            "https://www.google.com/setprefs?sig=0_t5BoxhoBe2LCoghWpfc5TD1pVjQ%3D&hl=ml&source=homepage&sa=X&ved=0ahUKEwiFvazwt-uJAxWyUWwGHdGtBlIQ2ZgBCA0",
            "https://www.google.com/setprefs?sig=0_t5BoxhoBe2LCoghWpfc5TD1pVjQ%3D&hl=pa&source=homepage&sa=X&ved=0ahUKEwiFvazwt-uJAxWyUWwGHdGtBlIQ2ZgBCA4",
            "/intl/en/ads/",
            "http://www.google.co.in/services/",
            "/intl/en/about.html",
            "https://www.google.com/setprefdomain?prefdom=IN&prev=https://www.google.co.in/&sig=K_qaLP1sZTQqGPb8MZi_D3ftkjjYI%3D",
            "/intl/en/policies/privacy/",
            "/intl/en/policies/terms/"
        ],
        "images": [
            "/images/branding/googlelogo/1x/googlelogo_white_background_color_272x92dp.png"
        ]
    },
    {
        "url": "https://www.wikipedia.org",
        "title": "Wikipedia",
        "headings": [
            "\n\nWikipedia\n\nThe Free Encyclopedia\n",
            "\n\n\n\n1,000,000+\n\n\narticles\n\n\n\n",
            "\n\n\n\n100,000+\n\n\narticles\n\n\n\n",
            "\n\n\n\n10,000+\n\n\narticles\n\n\n\n",
            "\n\n\n\n1,000+\n\n\narticles\n\n\n\n",
            "\n\n\n\n100+\n\n\narticles\n\n\n\n",
            "\n\nWikipedia still can't be sold.\n"
        ],
        "links": [
            "//en.wikipedia.org/",
            "//ru.wikipedia.org/",
            "//ja.wikipedia.org/",
            "//es.wikipedia.org/",
            "//de.wikipedia.org/",
            "//fr.wikipedia.org/",
            "//zh.wikipedia.org/",
            "//it.wikipedia.org/",
            "//pt.wikipedia.org/",
            "//fa.wikipedia.org/",
            "//ar.wikipedia.org/",
            "//de.wikipedia.org/",
            "//en.wikipedia.org/",
            "//es.wikipedia.org/",
            "//fa.wikipedia.org/",
            "//fr.wikipedia.org/",
            "//it.wikipedia.org/",
            "//arz.wikipedia.org/",
            "//nl.wikipedia.org/",
            "//ja.wikipedia.org/",
            "//pl.wikipedia.org/",
            "//pt.wikipedia.org/",
            "//ceb.wikipedia.org/",
            "//sv.wikipedia.org/",
            "//uk.wikipedia.org/",
            "//vi.wikipedia.org/",
            "//war.wikipedia.org/",
            "//zh.wikipedia.org/",
            "//ru.wikipedia.org/",
            "//af.wikipedia.org/",
            "//ast.wikipedia.org/",
            "//az.wikipedia.org/",
            "//bg.wikipedia.org/",
            "//zh-min-nan.wikipedia.org/",
            "//bn.wikipedia.org/",
            "//be.wikipedia.org/",
            "//ca.wikipedia.org/",
            "//cs.wikipedia.org/",
            "//cy.wikipedia.org/",
            "//da.wikipedia.org/",
            "//et.wikipedia.org/",
            "//el.wikipedia.org/",
            "//eo.wikipedia.org/",
            "//eu.wikipedia.org/",
            "//gl.wikipedia.org/",
            "//ko.wikipedia.org/",
            "//hy.wikipedia.org/",
            "//hi.wikipedia.org/",
            "//hr.wikipedia.org/",
            "//id.wikipedia.org/",
            "//he.wikipedia.org/",
            "//ka.wikipedia.org/",
            "//lld.wikipedia.org/",
            "//la.wikipedia.org/",
            "//lv.wikipedia.org/",
            "//lt.wikipedia.org/",
            "//hu.wikipedia.org/",
            "//mk.wikipedia.org/",
            "//ms.wikipedia.org/",
            "//min.wikipedia.org/",
            "//my.wikipedia.org/",
            "//no.wikipedia.org/",
            "//nn.wikipedia.org/",
            "//ce.wikipedia.org/",
            "//uz.wikipedia.org/",
            "//kk.wikipedia.org/",
            "//ro.wikipedia.org/",
            "//sq.wikipedia.org/",
            "//simple.wikipedia.org/",
            "//sk.wikipedia.org/",
            "//sl.wikipedia.org/",
            "//sr.wikipedia.org/",
            "//sh.wikipedia.org/",
            "//fi.wikipedia.org/",
            "//ta.wikipedia.org/",
            "//tt.wikipedia.org/",
            "//te.wikipedia.org/",
            "//th.wikipedia.org/",
            "//tg.wikipedia.org/",
            "//azb.wikipedia.org/",
            "//tr.wikipedia.org/",
            "//ur.wikipedia.org/",
            "//zh-yue.wikipedia.org/",
            "//ace.wikipedia.org/",
            "//als.wikipedia.org/",
            "//am.wikipedia.org/",
            "//an.wikipedia.org/",
            "//hyw.wikipedia.org/",
            "//gor.wikipedia.org/",
            "//ban.wikipedia.org/",
            "//bjn.wikipedia.org/",
            "//map-bms.wikipedia.org/",
            "//ba.wikipedia.org/",
            "//be-tarask.wikipedia.org/",
            "//bcl.wikipedia.org/",
            "//bpy.wikipedia.org/",
            "//bar.wikipedia.org/",
            "//bs.wikipedia.org/",
            "//br.wikipedia.org/",
            "//cv.wikipedia.org/",
            "//dag.wikipedia.org/",
            "//ary.wikipedia.org/",
            "//nv.wikipedia.org/",
            "//eml.wikipedia.org/",
            "//hif.wikipedia.org/",
            "//fo.wikipedia.org/",
            "//fy.wikipedia.org/",
            "//ga.wikipedia.org/",
            "//gd.wikipedia.org/",
            "//glk.wikipedia.org/",
            "//gu.wikipedia.org/",
            "//hak.wikipedia.org/",
            "//ha.wikipedia.org/",
            "//hsb.wikipedia.org/",
            "//io.wikipedia.org/",
            "//ig.wikipedia.org/",
            "//ilo.wikipedia.org/",
            "//ia.wikipedia.org/",
            "//ie.wikipedia.org/",
            "//os.wikipedia.org/",
            "//is.wikipedia.org/",
            "//jv.wikipedia.org/",
            "//kn.wikipedia.org/",
            "//km.wikipedia.org/",
            "//avk.wikipedia.org/",
            "//ht.wikipedia.org/",
            "//ku.wikipedia.org/",
            "//ckb.wikipedia.org/",
            "//ky.wikipedia.org/",
            "//mrj.wikipedia.org/",
            "//lb.wikipedia.org/",
            "//lij.wikipedia.org/",
            "//li.wikipedia.org/",
            "//lmo.wikipedia.org/",
            "//mai.wikipedia.org/",
            "//mg.wikipedia.org/",
            "//ml.wikipedia.org/",
            "//mr.wikipedia.org/",
            "//xmf.wikipedia.org/",
            "//mzn.wikipedia.org/",
            "//cdo.wikipedia.org/",
            "//mn.wikipedia.org/",
            "//nap.wikipedia.org/",
            "//new.wikipedia.org/",
            "//ne.wikipedia.org/",
            "//frr.wikipedia.org/",
            "//oc.wikipedia.org/",
            "//mhr.wikipedia.org/",
            "//or.wikipedia.org/",
            "//as.wikipedia.org/",
            "//pa.wikipedia.org/",
            "//pnb.wikipedia.org/",
            "//ps.wikipedia.org/",
            "//pms.wikipedia.org/",
            "//nds.wikipedia.org/",
            "//crh.wikipedia.org/",
            "//qu.wikipedia.org/",
            "//sa.wikipedia.org/",
            "//sat.wikipedia.org/",
            "//sah.wikipedia.org/",
            "//sco.wikipedia.org/",
            "//sn.wikipedia.org/",
            "//scn.wikipedia.org/",
            "//si.wikipedia.org/",
            "//sd.wikipedia.org/",
            "//szl.wikipedia.org/",
            "//su.wikipedia.org/",
            "//sw.wikipedia.org/",
            "//tl.wikipedia.org/",
            "//shn.wikipedia.org/",
            "//tum.wikipedia.org/",
            "//bug.wikipedia.org/",
            "//vec.wikipedia.org/",
            "//vo.wikipedia.org/",
            "//wa.wikipedia.org/",
            "//zh-classical.wikipedia.org/",
            "//wuu.wikipedia.org/",
            "//yi.wikipedia.org/",
            "//yo.wikipedia.org/",
            "//diq.wikipedia.org/",
            "//bat-smg.wikipedia.org/",
            "//zu.wikipedia.org/",
            "//mni.wikipedia.org/",
            "//lad.wikipedia.org/",
            "//kbd.wikipedia.org/",
            "//ang.wikipedia.org/",
            "//smn.wikipedia.org/",
            "//anp.wikipedia.org/",
            "//ab.wikipedia.org/",
            "//roa-rup.wikipedia.org/",
            "//frp.wikipedia.org/",
            "//atj.wikipedia.org/",
            "//arc.wikipedia.org/",
            "//gn.wikipedia.org/",
            "//av.wikipedia.org/",
            "//ay.wikipedia.org/",
            "//bew.wikipedia.org/",
            "//bh.wikipedia.org/",
            "//bi.wikipedia.org/",
            "//bo.wikipedia.org/",
            "//bxr.wikipedia.org/",
            "//cbk-zam.wikipedia.org/",
            "//ny.wikipedia.org/",
            "//co.wikipedia.org/",
            "//za.wikipedia.org/",
            "//dga.wikipedia.org/",
            "//se.wikipedia.org/",
            "//pdc.wikipedia.org/",
            "//dv.wikipedia.org/",
            "//dsb.wikipedia.org/",
            "//dtp.wikipedia.org/",
            "//myv.wikipedia.org/",
            "//ext.wikipedia.org/",
            "//fon.wikipedia.org/",
            "//ff.wikipedia.org/",
            "//fur.wikipedia.org/",
            "//gv.wikipedia.org/",
            "//gag.wikipedia.org/",
            "//inh.wikipedia.org/",
            "//gpe.wikipedia.org/",
            "//ki.wikipedia.org/",
            "//gan.wikipedia.org/",
            "//guw.wikipedia.org/",
            "//xal.wikipedia.org/",
            "//haw.wikipedia.org/",
            "//rw.wikipedia.org/",
            "//kbp.wikipedia.org/",
            "//pam.wikipedia.org/",
            "//csb.wikipedia.org/",
            "//kw.wikipedia.org/",
            "//kv.wikipedia.org/",
            "//koi.wikipedia.org/",
            "//kg.wikipedia.org/",
            "//gom.wikipedia.org/",
            "//ks.wikipedia.org/",
            "//gcr.wikipedia.org/",
            "//kge.wikipedia.org/",
            "//kus.wikipedia.org/",
            "//lo.wikipedia.org/",
            "//lbe.wikipedia.org/",
            "//ltg.wikipedia.org/",
            "//lez.wikipedia.org/",
            "//nia.wikipedia.org/",
            "//ln.wikipedia.org/",
            "//lfn.wikipedia.org/",
            "//olo.wikipedia.org/",
            "//jbo.wikipedia.org/",
            "//lg.wikipedia.org/",
            "//mad.wikipedia.org/",
            "//mt.wikipedia.org/",
            "//btm.wikipedia.org/",
            "//mi.wikipedia.org/",
            "//tw.wikipedia.org/",
            "//mwl.wikipedia.org/",
            "//mdf.wikipedia.org/",
            "//mnw.wikipedia.org/",
            "//nqo.wikipedia.org/",
            "//fj.wikipedia.org/",
            "//nah.wikipedia.org/",
            "//pcm.wikipedia.org/",
            "//nds-nl.wikipedia.org/",
            "//nrm.wikipedia.org/",
            "//nov.wikipedia.org/",
            "//om.wikipedia.org/",
            "//blk.wikipedia.org/",
            "//pi.wikipedia.org/",
            "//pag.wikipedia.org/",
            "//ami.wikipedia.org/",
            "//pap.wikipedia.org/",
            "//jam.wikipedia.org/",
            "//pfl.wikipedia.org/",
            "//pcd.wikipedia.org/",
            "//krc.wikipedia.org/",
            "//kaa.wikipedia.org/",
            "//ksh.wikipedia.org/",
            "//rm.wikipedia.org/",
            "//rue.wikipedia.org/",
            "//szy.wikipedia.org/",
            "//sm.wikipedia.org/",
            "//skr.wikipedia.org/",
            "//sc.wikipedia.org/",
            "//trv.wikipedia.org/",
            "//stq.wikipedia.org/",
            "//st.wikipedia.org/",
            "//nso.wikipedia.org/",
            "//tn.wikipedia.org/",
            "//cu.wikipedia.org/",
            "//so.wikipedia.org/",
            "//srn.wikipedia.org/",
            "//shi.wikipedia.org/",
            "//ty.wikipedia.org/",
            "//zgh.wikipedia.org/",
            "//kab.wikipedia.org/",
            "//roa-tara.wikipedia.org/",
            "//tay.wikipedia.org/",
            "//tet.wikipedia.org/",
            "//tpi.wikipedia.org/",
            "//tly.wikipedia.org/",
            "//to.wikipedia.org/",
            "//chr.wikipedia.org/",
            "//tk.wikipedia.org/",
            "//kcg.wikipedia.org/",
            "//tyv.wikipedia.org/",
            "//udm.wikipedia.org/",
            "//ug.wikipedia.org/",
            "//vep.wikipedia.org/",
            "//fiu-vro.wikipedia.org/",
            "//vls.wikipedia.org/",
            "//wo.wikipedia.org/",
            "//xh.wikipedia.org/",
            "//zea.wikipedia.org/",
            "//alt.wikipedia.org/",
            "//awa.wikipedia.org/",
            "//dty.wikipedia.org/",
            "//tcy.wikipedia.org/",
            "//bdr.wikipedia.org/",
            "//bm.wikipedia.org/",
            "//bbc.wikipedia.org/",
            "//ch.wikipedia.org/",
            "//dz.wikipedia.org/",
            "//ee.wikipedia.org/",
            "//gur.wikipedia.org/",
            "//got.wikipedia.org/",
            "//igl.wikipedia.org/",
            "//iu.wikipedia.org/",
            "//ik.wikipedia.org/",
            "//kl.wikipedia.org/",
            "//fat.wikipedia.org/",
            "//mos.wikipedia.org/",
            "//pih.wikipedia.org/",
            "//pwn.wikipedia.org/",
            "//pnt.wikipedia.org/",
            "//rmy.wikipedia.org/",
            "//rn.wikipedia.org/",
            "//sg.wikipedia.org/",
            "//ss.wikipedia.org/",
            "//ti.wikipedia.org/",
            "//din.wikipedia.org/",
            "//chy.wikipedia.org/",
            "//ts.wikipedia.org/",
            "//ve.wikipedia.org/",
            "//guc.wikipedia.org/",
            "//ady.wikipedia.org/",
            "https://meta.wikimedia.org/wiki/Special:MyLanguage/List_of_Wikipedias",
            "#",
            "#",
            "#",
            "https://donate.wikimedia.org/?wmf_medium=portal&wmf_campaign=portalFooter&wmf_source=portalFooter",
            "https://en.wikipedia.org/wiki/List_of_Wikipedia_mobile_applications",
            "https://play.google.com/store/apps/details?id=org.wikipedia&referrer=utm_source%3Dportal%26utm_medium%3Dbutton%26anid%3Dadmob",
            "https://itunes.apple.com/app/apple-store/id324715238?pt=208305&ct=portal&mt=8",
            "//commons.wikimedia.org/",
            "//www.wikivoyage.org/",
            "//www.wiktionary.org/",
            "//www.wikibooks.org/",
            "//www.wikinews.org/",
            "//www.wikidata.org/",
            "//www.wikiversity.org/",
            "//www.wikiquote.org/",
            "//www.mediawiki.org/",
            "//www.wikisource.org/",
            "//species.wikimedia.org/",
            "//www.wikifunctions.org/",
            "//meta.wikimedia.org/",
            "https://creativecommons.org/licenses/by-sa/4.0/",
            "https://foundation.wikimedia.org/wiki/Special:MyLanguage/Policy:Terms_of_Use",
            "https://foundation.wikimedia.org/wiki/Special:MyLanguage/Policy:Privacy_policy"
        ],
        "images": [
            "portal/wikipedia.org/assets/img/Wikipedia-logo-v2.png",
            "https://upload.wikimedia.org/wikipedia/donate/1/14/Wikimedia_Foundation_logo_-_wordmark.svg"
        ]
    },
    {
        "url": "https://www.bbc.com",
        "title": "BBC Home - Breaking News, World News, US News, Sports, Business, Innovation, Climate, Culture, Travel, Video & Audio",
        "headings": [
            "Ukraine front could 'collapse' as Russia gains accelerate, experts warn",
            "Trump picks former WWE CEO and TV's Dr Oz for top roles",
            "Ukraine front could 'collapse' as Russia gains accelerate, experts warn",
            "Trump picks former WWE CEO and TV's Dr Oz for top roles",
            "Ukraine fires UK-supplied Storm Shadow missiles into Russia for first time",
            "Deadly bomb cyclone cuts power for thousands in US north-west",
            "One Direction stars mourn Liam Payne at funeral",
            "Drug hope to treat voice spasm like RFK Jr's",
            "Wicked is 'drawn-out' and 'self-important' ★★★☆☆",
            "Only from the BBC",
            "How a 'politely radical' UK town shaped the US",
            "The hidden meanings in a 16th-Century female sketch",
            "More news",
            "'Never': Jimmy Lai denies foreign collusion in landmark trial",
            "Death penalty for Thai woman accused of murdering 14 friends with cyanide",
            "Prosecutors back delaying Trump sentence until he leaves White House",
            "Living in Delhi smog is like watching a dystopian film again and again",
            "Israeli strikes on Syria's Palmyra kill 36, state media say",
            "Must watch",
            "Trump joins Musk to watch Starship test launch",
            "Inside Japan's speedy Shinkansen bullet train",
            "Riders stuck midair for hours on California park ride",
            "What is it really like to play under 'genius' Guardiola?",
            "‘I wanted to show what having a seizure was like’",
            "Watch: Snowy scenes as cold snap hits UK",
            "Why Mbappe needs time to shine at Real Madrid",
            "Man who binned Bitcoin says it's now worth £500m",
            "Science and Health",
            "Why the flu isn't always over when it's over",
            "Earth",
            "Inside the giant 'sky rivers' swelling with climate change",
            "Discover more from the BBC",
            "In History",
            "Download the BBC app",
            "Royal Watch",
            "Listen to The Global Story",
            "Register for a BBC account",
            "The Essential List",
            "News Briefing: Sign up to our newsletter",
            "Six Steps to Calm",
            "Subscribe to Football Extra",
            "World of Business",
            "US & Canada news",
            "Man convicted of murdering Laken Riley",
            "South Carolina mother asks to be freed 30 years after killing two sons",
            "Who's who in Trump's new administration?",
            "Diddy faces more than two dozen lawsuits as he sits in jail",
            "Israel-Gaza war",
            "Virtually no aid has reached besieged north Gaza in 40 days, UN says",
            "Palestinian olive harvest under threat from Israeli attacks and restrictions",
            "Hamas leaders no longer in Doha but office not permanently closed, Qatar says",
            "Almost 100 Gaza food aid lorries violently looted, UN agency says",
            "War in Ukraine",
            "Anti-landmine groups criticise US for sending mines to Ukraine",
            "Biden agrees to give Ukraine anti-personnel mines",
            "Zelensky says Ukraine will lose war if US cuts funding",
            "Ukraine front could 'collapse' as Russia gains accelerate, experts warn",
            "More world news",
            "Jihadist police chief of Timbuktu jailed for war crimes",
            "Ugandan opposition figure taken to military court after Kenya expulsion",
            "Judge making final remarks in Conor McGregor case",
            "MSF halts work in Haitian capital over attacks",
            "Video",
            "Why nudity is a rule in Japan's traditional onsens",
            "Sport",
            "Challenges ahead for Guardiola and Man City",
            "'Gracias Rafa' - why retiring Nadal means so much",
            "Bentancur, Son & the rise of racism against South East Asians in football",
            "Five talking points as Premier League returns",
            "Business",
            "Logan Paul accused of misleading fans over crypto investments",
            "Palestinian olive harvest under threat from Israeli attacks and restrictions",
            "Al Fayed abuse ‘could be on scale of Savile’, says survivors’ advocate",
            "Trump selects financier Howard Lutnick as commerce secretary",
            "Tech",
            "'God's influencer' to be made first millennial saint in April",
            "Animal robots give Gravesend a taste of the future",
            "Social media ban for under-16s 'on the table' in UK",
            "AI cameras catch drivers on phone or without belts",
            "Science & health",
            "Women plan UK legal action over talc cancer claims",
            "BBC's Glenn Campbell: I want to show what it’s like living with a brain tumour",
            "Republican lawmaker moves to bar trans colleague from women's bathrooms",
            "People invited to discuss loneliness on Chatty Bus",
            "Culture",
            "The Sidemen: We've hit YouTube limit so are moving to Netflix",
            "Ariana Grande channelled her loss into Wicked role",
            "Priest replaced after Sabrina Carpenter shoots music video in his church",
            "Christmases gone wrong inspire Love Actually writer's new film",
            "Arts",
            "A fresh examination of Surrealism, a century on ",
            "British Museum to receive most valuable gift ever",
            "The climate warnings in 19th-Century paintings",
            "A look inside Michelangelo's 'secret room'",
            "Travel",
            "Five countries helping travellers find their roots",
            "Why were there once 144 time zones in America?",
            "How to prepare an Indigenous holiday meal",
            "Australia's new experience brings Bluey to life",
            "Earth",
            "Can New York become the world's oyster capital again?",
            "Flatulence tax: Denmark agrees deal for livestock emissions levy",
            "Are people still fox-hunting in Wales and England?",
            "How climate cash compares to fossil fuel revenues",
            "Follow BBC on:"
        ],
        "links": [
            "#main-content",
            "/",
            "/",
            "/news",
            "/sport",
            "/business",
            "/innovation",
            "/culture",
            "/arts",
            "/travel",
            "/future-planet",
            "/video",
            "/live",
            "/home",
            "/news",
            "/news/topics/c2vdnvdg6xxt",
            "/news/war-in-ukraine",
            "/news/topics/cj3ergr8209t",
            "/news/us-canada",
            "/news/uk",
            "/news/politics",
            "/news/england",
            "/news/northern_ireland",
            "/news/northern_ireland/northern_ireland_politics",
            "/news/scotland",
            "/news/scotland/scotland_politics",
            "/news/wales",
            "/news/wales/wales_politics",
            "/news/world/africa",
            "/news/world/asia",
            "/news/world/asia/china",
            "/news/world/asia/india",
            "/news/world/australia",
            "/news/world/europe",
            "/news/world/latin_america",
            "/news/world/middle_east",
            "/news/in_pictures",
            "/news/bbcindepth",
            "/news/reality_check",
            "/sport",
            "/business",
            "/business/executive-lounge",
            "/business/technology-of-business",
            "/business/future-of-business",
            "/innovation",
            "/innovation/technology",
            "/innovation/science",
            "/innovation/artificial-intelligence",
            "/innovation/ai-v-the-mind",
            "/culture",
            "/culture/film-tv",
            "/culture/music",
            "/culture/art",
            "/culture/style",
            "/culture/books",
            "/culture/entertainment-news",
            "/arts",
            "/arts/arts-in-motion",
            "/travel",
            "/travel/destinations",
            "/travel/destinations/africa",
            "/travel/destinations/antarctica",
            "/travel/destinations/asia",
            "/travel/destinations/australia-and-pacific",
            "/travel/destinations/caribbean",
            "/travel/destinations/central-america",
            "/travel/destinations/europe",
            "/travel/destinations/middle-east",
            "/travel/destinations/north-america",
            "/travel/destinations/south-america",
            "/travel/worlds-table",
            "/travel/cultural-experiences",
            "/travel/adventures",
            "/travel/specialist",
            "/future-planet",
            "/future-planet/natural-wonders",
            "/future-planet/weather-science",
            "/future-planet/solutions",
            "/future-planet/sustainable-business",
            "/future-planet/green-living",
            "/video",
            "/live",
            "/live/news",
            "/live/sport",
            "/",
            "/sport",
            "/video",
            "https://www.bbc.co.uk/sounds",
            "https://www.bbc.com/weather",
            "https://www.bbc.com/newsletters",
            "/news/articles/cn0dpdx420lo",
            "/news/articles/c8rl8knmg8eo",
            "/news/articles/cn0dpdx420lo",
            "/news/articles/c8rl8knmg8eo",
            "https://www.bbc.com/news/live/c20726y20kvt",
            "/news/articles/cjdlp5klz77o",
            "/news/articles/cy7d2k41l6vo",
            "/news/articles/cn7m8dzn634o",
            "/culture/article/20241119-wicked-review",
            "/travel/article/20241118-the-quaint-english-town-where-the-us-future-was-planned",
            "/culture/article/20241119-the-hidden-meanings-in-a-16th-century-female-nude",
            "https://www.bbc.com/news",
            "/news/articles/c8xpwvg9z5no",
            "/news/articles/c1jr2z9315lo",
            "/news/articles/czr72m57e1jo",
            "/news/articles/c629jzn7443o",
            "/news/articles/clydpg9kj88o",
            "/news/videos/cz9x2nk1jyvo",
            "/reel/video/p0k5mjcx/inside-japan-s-speedy-shinkansen-bullet-train",
            "/news/videos/c2dl2pl1zyko",
            "/sport/football/videos/cx281pm1zwxo",
            "/news/videos/c2l9w5pqdj2o",
            "/news/videos/c629j2xxdvqo",
            "/sport/football/videos/c5yp73zp3p3o",
            "/news/videos/cly0j32jgkzo",
            "https://www.bbc.com/innovation/science",
            "/future/article/20241119-long-fatigue-the-exhaustion-that-lingers-after-an-infection",
            "https://www.bbc.com/future-planet",
            "/future/article/20240509-how-to-forecast-the-next-atmospheric-river-storms",
            "https://cloud.email.bbc.com/InHistory_newsletter_signup?&at_bbc_team=studios&at_medium=display&at_objective=acquisition&at_ptr_type=&at_ptr_name=bbc.comhp&at_format=Module&at_link_origin=homepage&at_campaign=inhistory&at_campaign_type=owned",
            "https://bbc-global.onelink.me/Ezi6/n4y4nlv7",
            "#",
            "https://www.bbc.co.uk/programmes/w13xtvsd",
            "https://account.bbc.com/auth/register/email?ab=o13&action=register&clientId=Account&context=international&isCasso=false&nonce=ZhRJnl8N-Nzg4mlepfcUAP3WaQY2IhgqHUUw&ptrt=https%3A%2F%2Fwww.bbc.com%2F&realm=%2F&redirectUri=https%3A%2F%2Fsession.bbc.com%2Fsession%2Fcallback%3Frealm%3D%2F&sequenceId=afd616da-9f13-432d-a54d-95c9f32d1f0b&service=IdRegisterService&userOrigin=BBCS_BBC",
            "https://cloud.email.bbc.com/SignUp10_08?&at_bbc_team=studios&at_medium=display&at_objective=acquisition&at_ptr_type=&at_ptr_name=bbc.comhp&at_format=Module&at_link_origin=homepage&at_campaign=essentiallist&at_campaign_type=owned",
            "https://cloud.email.bbc.com/bbcnewsignup2?&at_bbc_team=studios&at_medium=display&at_objective=acquisition&at_ptr_type=&at_ptr_name=bbc.comhp&at_format=Module&at_link_origin=homepage&at_campaign=newsbriefing&at_campaign_type=owned",
            "https://cloud.email.bbc.com/SixStepstoCalm_Newsletter_Signup?&at_bbc_team=studios&at_medium=emails&at_objective=acquisition&at_ptr_type=&at_ptr_name=bbc.com&at_format=Module&at_link_origin=homepage&at_campaign=sscalm&at_campaign_type=owned",
            "https://cloud.email.bbc.com/FootballExtra_Newsletter_Signup?&at_bbc_team=studios&at_medium=display&at_objective=acquisition&at_ptr_type=&at_ptr_name=bbc.comhp&at_format=Module&at_link_origin=homepage&at_campaign=footballextra&at_campaign_type=owned",
            "https://cloud.email.bbc.com/WorldofBusiness_Newsletter_Signup?&at_bbc_team=studios&at_medium=emails&at_objective=acquisition&at_ptr_type=&at_ptr_name=bbc.com&at_format=Module&at_link_origin=homepage&at_campaign=wob&at_campaign_type=owned",
            "https://www.bbc.com/news/us-canada",
            "/news/articles/c23829939rjo",
            "/news/articles/cp3npzxd1lwo",
            "/news/articles/cx24gze60yzo",
            "/news/articles/c0kjxd3m528o",
            "https://www.bbc.com/news/topics/c2vdnvdg6xxt",
            "/news/articles/ce3ypxd3p4eo",
            "/news/articles/c20gnvz1975o",
            "/news/articles/c86qd99nqgyo",
            "/news/articles/c5ypjd7gepmo",
            "https://www.bbc.com/news/war-in-ukraine",
            "/news/articles/c5yrejnnl8jo",
            "/news/articles/cx2d1lj3nwqo",
            "/news/articles/ckglpy95nxwo",
            "/news/articles/cn0dpdx420lo",
            "https://www.bbc.com/news/world",
            "/news/articles/cj6kp9756l2o",
            "/news/articles/c3de2klk05jo",
            "/news/articles/c4gzv535j93o",
            "/news/articles/c75l9rl124po",
            "https://www.bbc.com/video",
            "/reel/video/p0k5bb5w/why-nudity-is-a-rule-in-japan-s-traditional-onsens",
            "https://www.bbc.com/sport",
            "/sport/football/articles/clyrp14yx75o",
            "/sport/tennis/articles/c0k82g8lzn0o",
            "/sport/football/articles/cde7p7yy6nno",
            "/sport/football/articles/cdxyk2777keo",
            "https://www.bbc.com/business",
            "/news/articles/cze386d3enpo",
            "/news/articles/c20gnvz1975o",
            "/news/articles/c937670xvyvo",
            "/news/articles/c9371zk1q6vo",
            "https://www.bbc.com/innovation/technology",
            "/news/articles/cpvzpxgzpnlo",
            "/news/articles/c9dl3vvd6wgo",
            "/news/articles/ce9gpdrx829o",
            "/news/articles/ce8dpvxexz8o",
            "https://www.bbc.com/innovation/science",
            "/news/articles/c07ng47xv3go",
            "/news/articles/cwy9xm239lgo",
            "/news/articles/cly2pknez94o",
            "/news/articles/cly20zz51j7o",
            "https://www.bbc.com/culture",
            "/news/articles/cx2nr2g44veo",
            "/news/articles/cn0180npg93o",
            "/news/articles/cz0m235y89go",
            "/news/articles/ckg2y663lrpo",
            "https://www.bbc.com/arts",
            "/culture/article/20241106-these-five-bizarre-surrealist-artworks-are-not-what-they-seem",
            "/news/articles/cvg0qxxgnnjo",
            "/culture/article/20241108-the-climate-warnings-in-19th-century-paintings",
            "/reel/video/p0k1sfgm/a-look-inside-michelangelo-s-secret-room-",
            "https://www.bbc.com/travel",
            "/travel/article/20241118-five-countries-helping-you-reconnect-you-with-your-roots",
            "/travel/article/20241115-how-railroads-inspired-the-creation-of-time-zones",
            "/travel/article/20241115-chef-ben-jacobs-on-how-to-prepare-an-indigenous-holiday-meal",
            "/travel/article/20241115-australias-new-experience-brings-bluey-to-life",
            "https://www.bbc.com/future-planet",
            "/future/article/20241118-how-new-yorkers-are-reclaiming-their-harbours-heritage",
            "/news/articles/c20nq8qgep3o",
            "/news/videos/cd9np894vk3o",
            "/future/article/20241115-five-charts-explaining-a-trillion-dollar-climate-problem",
            "/",
            "https://www.bbc.com/",
            "/news",
            "/news/topics/cj3ergr8209t",
            "/sport",
            "/business",
            "/innovation",
            "/culture",
            "/arts",
            "/travel",
            "/future-planet",
            "/video",
            "/live",
            "https://www.bbc.co.uk/sounds",
            "https://www.bbc.com/weather",
            "https://shop.bbc.com/",
            "https://www.bbc.co.uk/usingthebbc/terms",
            "https://www.bbc.co.uk/aboutthebbc",
            "https://www.bbc.com/usingthebbc/privacy/",
            "https://www.bbc.com/usingthebbc/cookies/",
            "https://www.bbc.co.uk/accessibility/",
            "https://www.bbc.co.uk/contact",
            "https://www.bbc.com/advertisingcontact",
            "https://www.bbc.com/usingthebbc/cookies/how-can-i-change-my-bbc-cookie-settings/",
            "https://www.bbc.com/contact-bbc-com-help",
            "https://www.bbc.co.uk/editorialguidelines/guidance/feeds-and-links"
        ],
        "images": [
            "/bbcx/grey-placeholder.png",
            "https://ichef.bbci.co.uk/news/480/cpsprodpb/aa99/live/99a43590-a72c-11ef-aaf5-31549c6ed944.jpg.webp",
            "/bbcx/grey-placeholder.png",
            "https://ichef.bbci.co.uk/news/480/cpsprodpb/e156/live/36285ff0-a72c-11ef-bdf5-b7cb2fa86e10.jpg.webp",
            "/bbcx/grey-placeholder.png",
            "https://ichef.bbci.co.uk/news/480/cpsprodpb/aa99/live/99a43590-a72c-11ef-aaf5-31549c6ed944.jpg.webp",
            "/bbcx/grey-placeholder.png",
            "https://ichef.bbci.co.uk/news/480/cpsprodpb/e156/live/36285ff0-a72c-11ef-bdf5-b7cb2fa86e10.jpg.webp",
            "/bbcx/grey-placeholder.png",
            "https://ichef.bbci.co.uk/ace/standard/480/cpsprodpb/9e2f/live/4f226090-a750-11ef-a4fe-a3e9a6c5d640.jpg.webp",
            "/bbcx/grey-placeholder.png",
            "https://ichef.bbci.co.uk/images/ic/480x270/p0k59h0l.jpg.webp",
            "/bbcx/grey-placeholder.png",
            "https://ichef.bbci.co.uk/images/ic/480x270/p0k5m02k.jpg.webp",
            "/bbcx/grey-placeholder.png",
            "https://ichef.bbci.co.uk/news/480/cpsprodpb/81ea/live/5b911700-a6c8-11ef-bdf5-b7cb2fa86e10.jpg.webp",
            "/bbcx/grey-placeholder.png",
            "https://ichef.bbci.co.uk/images/ic/480x270/p0k5rhkc.jpg.webp",
            "/bbcx/grey-placeholder.png",
            "https://ichef.bbci.co.uk/news/480/cpsprodpb/d871/live/26051a90-a683-11ef-8ab9-9192db313061.jpg.webp",
            "/bbcx/grey-placeholder.png",
            "https://ichef.bbci.co.uk/news/480/cpsprodpb/82b3/live/886a13a0-a720-11ef-bdf5-b7cb2fa86e10.jpg.webp",
            "/bbcx/grey-placeholder.png",
            "https://ichef.bbci.co.uk/news/480/cpsprodpb/7771/live/d1b3fa90-a65c-11ef-a4fe-a3e9a6c5d640.jpg.webp",
            "/bbcx/grey-placeholder.png",
            "https://ichef.bbci.co.uk/news/480/cpsprodpb/29ba/live/46ee47e0-a66a-11ef-bdf5-b7cb2fa86e10.jpg.webp",
            "/bbcx/grey-placeholder.png",
            "https://ichef.bbci.co.uk/news/480/cpsprodpb/ef4d/live/86f8d800-a67e-11ef-a4fe-a3e9a6c5d640.jpg.webp",
            "/bbcx/grey-placeholder.png",
            "https://ichef.bbci.co.uk/news/480/cpsprodpb/2e03/live/0489daf0-a5e2-11ef-a4fe-a3e9a6c5d640.jpg.webp",
            "/bbcx/grey-placeholder.png",
            "https://ichef.bbci.co.uk/images/ic/480x270/p0k5m7z2.jpg.webp",
            "/bbcx/grey-placeholder.png",
            "https://ichef.bbci.co.uk/images/ic/480x270/p0hwxwcv.jpg.webp",
            "/bbcx/grey-placeholder.png",
            "https://ichef.bbci.co.uk/images/ic/1920x1080/p0hh6r6r.jpg.webp",
            "/bbcx/grey-placeholder.png",
            "https://ichef.bbci.co.uk/images/ic/raw/p0k21mvc.jpg.webp",
            "/bbcx/grey-placeholder.png",
            "https://ichef.bbci.co.uk/images/ic/raw/p0k48s7x.jpg.webp",
            "/bbcx/grey-placeholder.png",
            "https://ichef.bbci.co.uk/images/ic/640x360/p0gstygv.jpg.webp",
            "/bbcx/grey-placeholder.png",
            "https://ichef.bbci.co.uk/images/ic/raw/p0k21mq7.jpg.webp",
            "/bbcx/grey-placeholder.png",
            "https://ichef.bbci.co.uk/images/ic/1920x1080/p0h74xp9.jpg.webp",
            "/bbcx/grey-placeholder.png",
            "https://ichef.bbci.co.uk/images/ic/1920x1080/p0h74xqs.jpg.webp",
            "/bbcx/grey-placeholder.png",
            "https://ichef.bbci.co.uk/images/ic/raw/p0jxmg7s.jpg.webp",
            "/bbcx/grey-placeholder.png",
            "https://ichef.bbci.co.uk/news/800/cpsprodpb/633B/production/_133530452_newsletter_football.jpg.webp",
            "/bbcx/grey-placeholder.png",
            "https://ichef.bbci.co.uk/images/ic/raw/p0jq6tfl.jpg.webp",
            "/bbcx/grey-placeholder.png",
            "https://ichef.bbci.co.uk/news/480/cpsprodpb/ffe3/live/86564f40-7ab4-11ef-aa23-ff25bf1fd4c4.jpg.webp",
            "/bbcx/grey-placeholder.png",
            "https://ichef.bbci.co.uk/news/480/cpsprodpb/efe8/live/776ddc00-a5ca-11ef-bdf5-b7cb2fa86e10.jpg.webp",
            "/bbcx/grey-placeholder.png",
            "https://ichef.bbci.co.uk/news/480/cpsprodpb/aa99/live/99a43590-a72c-11ef-aaf5-31549c6ed944.jpg.webp",
            "/bbcx/grey-placeholder.png",
            "https://ichef.bbci.co.uk/news/480/cpsprodpb/376f/live/218e1950-a6ef-11ef-b14c-8df3d94c3dca.jpg.webp",
            "/bbcx/grey-placeholder.png",
            "https://ichef.bbci.co.uk/images/ic/480x270/p0k5hh8z.jpg.webp",
            "/bbcx/grey-placeholder.png",
            "https://ichef.bbci.co.uk/news/480/cpsprodpb/15ef/live/8a08db90-a5d8-11ef-9fb4-fd2d6da57766.jpg.webp",
            "/bbcx/grey-placeholder.png",
            "https://ichef.bbci.co.uk/news/480/cpsprodpb/87de/live/889b7790-a696-11ef-9fc4-7d8bfd020b1a.jpg.webp",
            "/bbcx/grey-placeholder.png",
            "https://ichef.bbci.co.uk/news/480/cpsprodpb/fb95/live/619b9010-a689-11ef-83da-07c3abd04f9b.jpg.webp",
            "/bbcx/grey-placeholder.png",
            "https://ichef.bbci.co.uk/news/480/cpsprodpb/7636/live/bfe26820-a5e3-11ef-a4fe-a3e9a6c5d640.jpg.webp",
            "/bbcx/grey-placeholder.png",
            "https://ichef.bbci.co.uk/news/480/cpsprodpb/ea89/live/a2b9ab50-a656-11ef-a4fe-a3e9a6c5d640.jpg.webp",
            "/bbcx/grey-placeholder.png",
            "https://ichef.bbci.co.uk/images/ic/480x270/p0k1sgfw.jpg.webp",
            "/bbcx/grey-placeholder.png",
            "https://ichef.bbci.co.uk/images/ic/480x270/p0k4r6js.jpg.webp",
            "/bbcx/grey-placeholder.png",
            "https://ichef.bbci.co.uk/images/ic/480x270/p0k4wbtp.jpg.webp"
        ]
    }
]